{\rtf1\ansi\ansicpg1252\cocoartf1561\cocoasubrtf600
{\fonttbl\f0\fnil\fcharset0 Menlo-Regular;}
{\colortbl;\red255\green255\blue255;\red0\green0\blue0;\red0\green0\blue0;\red0\green0\blue0;
\red255\green255\blue255;}
{\*\expandedcolortbl;;\cssrgb\c0\c0\c0\c84314;\cssrgb\c0\c0\c0\c4706;\csgray\c0;
\csgray\c100000;}
\margl1440\margr1440\vieww10800\viewh8400\viewkind0
\deftab720
\pard\pardeftab720\sl380\partightenfactor0

\f0\fs32 \cf2 \cb3 \expnd0\expndtw0\kerning0
\outl0\strokewidth0 \strokec2 \{\cb1 \
\cb3     "capabilities": [\cb1 \
\cb3         \{\cb1 \
\cb3             "browserName": "Galaxy Note 5",\cb1 \
\cb3             "maxInstances": 1,\cb1 \
\cb3             "platform": "WINDOWS",\cb1 \
\cb3             "udid": "
\fs22 \cf4 \cb5 \kerning1\expnd0\expndtw0 \CocoaLigature0 \outl0\strokewidth0 9885f6503859373855
\fs32 \cf2 \cb3 \expnd0\expndtw0\kerning0
\CocoaLigature1 \outl0\strokewidth0 \strokec2 "\cb1 \
\cb3         \}\cb1 \
\cb3     ],\cb1 \
\cb3     "configuration": \{\cb1 \
\cb3         "cleanUpCycle": 2000,\cb1 \
\cb3         "timeout": 30000,\cb1 \
\cb3         "proxy": "org.openqa.grid.selenium.proxy.DefaultRemoteProxy",\cb1 \
\cb3         "host": "0.0.0.0",\cb1 \
\cb3         "maxSession": 1,\cb1 \
\cb3         "register": true,\cb1 \
\cb3         "registerCycle": 5000,\cb1 \
\cb3         "hubPort": 4444,\cb1 \
\cb3         "hubHost": "192.168.1.66"\cb1 \
\cb3     \}\cb1 \
\cb3 \}\
}